<?xml version="1.0" encoding="UTF-8" ?>
<!DOCTYPE mapper PUBLIC "-//mybatis.org//DTD Mapper 3.0//EN"
        "http://mybatis.org/dtd/mybatis-3-mapper.dtd" >
<mapper namespace="com.sky.mapper.DishMapper">

    <select id="pageQuerys" resultType="com.sky.vo.DishVO">
        select d.*,c.name categoryName from dish d left join category c on d.category_id = c.id
        <where>
            <if test="name != null">
                and d.name like concat('%',#{name},'%')
            </if>
            <if test="categoryId != null">
                and d.category_id = #{categoryId}
            </if>
            <if test="status != null">
                and d.status = #{status}
            </if>
        </where>
        order by d.create_time desc
    </select>

</mapper>
